Workbook

Sheet 직원 마스터
A1: 이름 | B1: 급여유형 | C1: 금액 | D1: 입금계좌 | E1: 재직상태 | F1: 적용시작월 | G1: 적용종료월 | H1: 비고
A2: 고경민 | B2: 월급 | C2: 1200000 | D2: 국민은행 82240104164295 | E2: 재직 | F2: 202501 | G2: 202502
A3: 고경민 | B3: 시급 | C3: 12000 | D3: 국민은행 82240104164295 | E3: 재직 | F3: 202503 | G3: 202509
A4: 고경민 | B4: 월급 | C4: 1300000 | D4: 국민은행 82240104164295 | E4: 재직 | F4: 202510
A5: 장예원 | B5: 시급 | C5: 12000 | D5: 카카오뱅크 3333-07-7072641 | E5: 퇴직 | F5: 202502 | G5: 202507
A6: 유은비 | B6: 시급 | C6: 12000 | D6: 우리 1002-533-898534 | E6: 퇴직 | F6: 202502 | G6: 202503
A7: 전민아 | B7: 월급 | C7: 600000 | D7: 하나은행 558-910330-30707 | E7: 재직 | F7: 202502 | G7: 202502
A8: 전민아 | B8: 월급 | C8: 1800000 | D8: 하나은행 558-910330-30707 | E8: 재직 | F8: 202503 | G8: 202509
A9: 전민아 | B9: 월급 | C9: 1848000 | D9: 하나은행 558-910330-30707 | E9: 재직 | F9: 202510
A10: 김채현 | B10: 시급 | C10: 12000 | D10: 우리은행 1002-351-542250 | E10: 퇴직 | F10: 202507 | G10: 202510
A11: 이진화 | B11: 시급 | C11: 12000 | D11: 우리은행 1002-166-678383 | E11: 재직 | F11: 202511

Sheet 근무 기록
A1: 날짜 | B1: 근무자 | C1: 시작시간 | D1: 종료시간 | E1: 근무시간 | F1: 일 급여 | G1: 급여유형 | H1: 비고
A2: 45688 | B2: 장예원 | C2: 0.54166667 | D2: 0.79166667 | E2: =IF(AND(C2<>"",D2<>""),D2-C2,0) | F2: 72000 | G2: =IFERROR(IF(B2<>"",INDEX('직원 마스터'!B$2:B$31,MATCH(1,('직원 마스터'!A$2:A$31=B2)*('직원 마스터'!F$2:F$31<=(YEAR(A2)*100+MONTH(A2)))*(('직원 마스터'!G$2:G$31="")+('직원 마스터'!G$2:G$31>=(YEAR(A2)*100+MONTH(A2)))),0)),""),"")
A3: 45689 | B3: 장예원 | C3: 0.4375 | D3: 0.60416667 | E3: =IF(AND(C3<>"",D3<>""),D3-C3,0) | F3: 48000 | G3: =IFERROR(IF(B3<>"",INDEX('직원 마스터'!B$2:B$31,MATCH(1,('직원 마스터'!A$2:A$31=B3)*('직원 마스터'!F$2:F$31<=(YEAR(A3)*100+MONTH(A3)))*(('직원 마스터'!G$2:G$31="")+('직원 마스터'!G$2:G$31>=(YEAR(A3)*100+MONTH(A3)))),0)),""),"")
A4: 45691 | B4: 유은비 | C4: 0.60416667 | D4: 0.77083333 | E4: =IF(AND(C4<>"",D4<>""),D4-C4,0) | F4: 48000 | G4: =IFERROR(IF(B4<>"",INDEX('직원 마스터'!B$2:B$31,MATCH(1,('직원 마스터'!A$2:A$31=B4)*('직원 마스터'!F$2:F$31<=(YEAR(A4)*100+MONTH(A4)))*(('직원 마스터'!G$2:G$31="")+('직원 마스터'!G$2:G$31>=(YEAR(A4)*100+MONTH(A4)))),0)),""),"")
A5: 45692 | B5: 유은비 | C5: 0.60416667 | D5: 0.77083333 | E5: =IF(AND(C5<>"",D5<>""),D5-C5,0) | F5: 48000 | G5: =IFERROR(IF(B5<>"",INDEX('직원 마스터'!B$2:B$31,MATCH(1,('직원 마스터'!A$2:A$31=B5)*('직원 마스터'!F$2:F$31<=(YEAR(A5)*100+MONTH(A5)))*(('직원 마스터'!G$2:G$31="")+('직원 마스터'!G$2:G$31>=(YEAR(A5)*100+MONTH(A5)))),0)),""),"")
A6: 45693 | B6: 유은비 | C6: 0.60416667 | D6: 0.77083333 | E6: =IF(AND(C6<>"",D6<>""),D6-C6,0) | F6: 48000 | G6: =IFERROR(IF(B6<>"",INDEX('직원 마스터'!B$2:B$31,MATCH(1,('직원 마스터'!A$2:A$31=B6)*('직원 마스터'!F$2:F$31<=(YEAR(A6)*100+MONTH(A6)))*(('직원 마스터'!G$2:G$31="")+('직원 마스터'!G$2:G$31>=(YEAR(A6)*100+MONTH(A6)))),0)),""),"")
A7: 45694 | B7: 장예원 | C7: 0.60416667 | D7: 0.77083333 | E7: =IF(AND(C7<>"",D7<>""),D7-C7,0) | F7: 48000 | G7: =IFERROR(IF(B7<>"",INDEX('직원 마스터'!B$2:B$31,MATCH(1,('직원 마스터'!A$2:A$31=B7)*('직원 마스터'!F$2:F$31<=(YEAR(A7)*100+MONTH(A7)))*(('직원 마스터'!G$2:G$31="")+('직원 마스터'!G$2:G$31>=(YEAR(A7)*100+MONTH(A7)))),0)),""),"")
A8: 45695 | B8: 장예원 | C8: 0.54166667 | D8: 0.79166667 | E8: =IF(AND(C8<>"",D8<>""),D8-C8,0) | F8: 72000 | G8: =IFERROR(IF(B8<>"",INDEX('직원 마스터'!B$2:B$31,MATCH(1,('직원 마스터'!A$2:A$31=B8)*('직원 마스터'!F$2:F$31<=(YEAR(A8)*100+MONTH(A8)))*(('직원 마스터'!G$2:G$31="")+('직원 마스터'!G$2:G$31>=(YEAR(A8)*100+MONTH(A8)))),0)),""),"")
A9: 45696 | B9: 장예원 | C9: 0.4375 | D9: 0.60416667 | E9: =IF(AND(C9<>"",D9<>""),D9-C9,0) | F9: 48000 | G9: =IFERROR(IF(B9<>"",INDEX('직원 마스터'!B$2:B$31,MATCH(1,('직원 마스터'!A$2:A$31=B9)*('직원 마스터'!F$2:F$31<=(YEAR(A9)*100+MONTH(A9)))*(('직원 마스터'!G$2:G$31="")+('직원 마스터'!G$2:G$31>=(YEAR(A9)*100+MONTH(A9)))),0)),""),"")
A10: 45698 | B10: 유은비 | C10: 0.60416667 | D10: 0.77083333 | E10: =IF(AND(C10<>"",D10<>""),D10-C10,0) | F10: 48000 | G10: =IFERROR(IF(B10<>"",INDEX('직원 마스터'!B$2:B$31,MATCH(1,('직원 마스터'!A$2:A$31=B10)*('직원 마스터'!F$2:F$31<=(YEAR(A10)*100+MONTH(A10)))*(('직원 마스터'!G$2:G$31="")+('직원 마스터'!G$2:G$31>=(YEAR(A10)*100+MONTH(A10)))),0)),""),"")
A11: 45699 | B11: 유은비 | C11: 0.60416667 | D11: 0.77083333 | E11: =IF(AND(C11<>"",D11<>""),D11-C11,0) | F11: 48000 | G11: =IFERROR(IF(B11<>"",INDEX('직원 마스터'!B$2:B$31,MATCH(1,('직원 마스터'!A$2:A$31=B11)*('직원 마스터'!F$2:F$31<=(YEAR(A11)*100+MONTH(A11)))*(('직원 마스터'!G$2:G$31="")+('직원 마스터'!G$2:G$31>=(YEAR(A11)*100+MONTH(A11)))),0)),""),"")
A12: 45700 | B12: 유은비 | C12: 0.60416667 | D12: 0.77083333 | E12: =IF(AND(C12<>"",D12<>""),D12-C12,0) | F12: 48000 | G12: =IFERROR(IF(B12<>"",INDEX('직원 마스터'!B$2:B$31,MATCH(1,('직원 마스터'!A$2:A$31=B12)*('직원 마스터'!F$2:F$31<=(YEAR(A12)*100+MONTH(A12)))*(('직원 마스터'!G$2:G$31="")+('직원 마스터'!G$2:G$31>=(YEAR(A12)*100+MONTH(A12)))),0)),""),"")
A13: 45701 | B13: 장예원 | C13: 0.60416667 | D13: 0.77083333 | E13: =IF(AND(C13<>"",D13<>""),D13-C13,0) | F13: 48000 | G13: =IFERROR(IF(B13<>"",INDEX('직원 마스터'!B$2:B$31,MATCH(1,('직원 마스터'!A$2:A$31=B13)*('직원 마스터'!F$2:F$31<=(YEAR(A13)*100+MONTH(A13)))*(('직원 마스터'!G$2:G$31="")+('직원 마스터'!G$2:G$31>=(YEAR(A13)*100+MONTH(A13)))),0)),""),"")
... A238: 46011 | B238: 이진화 | C238: 0.4375 | D238: 0.60416667 | E238: =IF(AND(C238<>"",D238<>""),D238-C238,0) | F238: 48000 | G238: =IFERROR(IF(B238<>"",INDEX('직원 마스터'!B$2:B$31,MATCH(1,('직원 마스터'!A$2:A$31=B238)*('직원 마스터'!F$2:F$31<=(YEAR(A238)*100+MONTH(A238)))*(('직원 마스터'!G$2:G$31="")+('직원 마스터'!G$2:G$31>=(YEAR(A238)*100+MONTH(A238)))),0)),""),"")
E239: =IF(AND(C239<>"",D239<>""),D239-C239,0) | F239: =IFERROR(IF(AND(B239<>"",G239="시급"),E239*24*INDEX('직원 마스터'!C$2:C$31,MATCH(1,('직원 마스터'!A$2:A$31=B239)*('직원 마스터'!F$2:F$31<=(YEAR(A239)*100+MONTH(A239)))*(('직원 마스터'!G$2:G$31="")+('직원 마스터'!G$2:G$31>=(YEAR(A239)*100+MONTH(A239)))),0)),0),0) | G239: =IFERROR(IF(B239<>"",INDEX('직원 마스터'!B$2:B$31,MATCH(1,('직원 마스터'!A$2:A$31=B239)*('직원 마스터'!F$2:F$31<=(YEAR(A239)*100+MONTH(A239)))*(('직원 마스터'!G$2:G$31="")+('직원 마스터'!G$2:G$31>=(YEAR(A239)*100+MONTH(A239)))),0)),""),"")
E240: =IF(AND(C240<>"",D240<>""),D240-C240,0) | F240: =IFERROR(IF(AND(B240<>"",G240="시급"),E240*24*INDEX('직원 마스터'!C$2:C$31,MATCH(1,('직원 마스터'!A$2:A$31=B240)*('직원 마스터'!F$2:F$31<=(YEAR(A240)*100+MONTH(A240)))*(('직원 마스터'!G$2:G$31="")+('직원 마스터'!G$2:G$31>=(YEAR(A240)*100+MONTH(A240)))),0)),0),0) | G240: =IFERROR(IF(B240<>"",INDEX('직원 마스터'!B$2:B$31,MATCH(1,('직원 마스터'!A$2:A$31=B240)*('직원 마스터'!F$2:F$31<=(YEAR(A240)*100+MONTH(A240)))*(('직원 마스터'!G$2:G$31="")+('직원 마스터'!G$2:G$31>=(YEAR(A240)*100+MONTH(A240)))),0)),""),"")
E241: =IF(AND(C241<>"",D241<>""),D241-C241,0) | F241: =IFERROR(IF(AND(B241<>"",G241="시급"),E241*24*INDEX('직원 마스터'!C$2:C$31,MATCH(1,('직원 마스터'!A$2:A$31=B241)*('직원 마스터'!F$2:F$31<=(YEAR(A241)*100+MONTH(A241)))*(('직원 마스터'!G$2:G$31="")+('직원 마스터'!G$2:G$31>=(YEAR(A241)*100+MONTH(A241)))),0)),0),0) | G241: =IFERROR(IF(B241<>"",INDEX('직원 마스터'!B$2:B$31,MATCH(1,('직원 마스터'!A$2:A$31=B241)*('직원 마스터'!F$2:F$31<=(YEAR(A241)*100+MONTH(A241)))*(('직원 마스터'!G$2:G$31="")+('직원 마스터'!G$2:G$31>=(YEAR(A241)*100+MONTH(A241)))),0)),""),"")
E242: =IF(AND(C242<>"",D242<>""),D242-C242,0) | F242: =IFERROR(IF(AND(B242<>"",G242="시급"),E242*24*INDEX('직원 마스터'!C$2:C$31,MATCH(1,('직원 마스터'!A$2:A$31=B242)*('직원 마스터'!F$2:F$31<=(YEAR(A242)*100+MONTH(A242)))*(('직원 마스터'!G$2:G$31="")+('직원 마스터'!G$2:G$31>=(YEAR(A242)*100+MONTH(A242)))),0)),0),0) | G242: =IFERROR(IF(B242<>"",INDEX('직원 마스터'!B$2:B$31,MATCH(1,('직원 마스터'!A$2:A$31=B242)*('직원 마스터'!F$2:F$31<=(YEAR(A242)*100+MONTH(A242)))*(('직원 마스터'!G$2:G$31="")+('직원 마스터'!G$2:G$31>=(YEAR(A242)*100+MONTH(A242)))),0)),""),"")
E243: =IF(AND(C243<>"",D243<>""),D243-C243,0) | F243: =IFERROR(IF(AND(B243<>"",G243="시급"),E243*24*INDEX('직원 마스터'!C$2:C$31,MATCH(1,('직원 마스터'!A$2:A$31=B243)*('직원 마스터'!F$2:F$31<=(YEAR(A243)*100+MONTH(A243)))*(('직원 마스터'!G$2:G$31="")+('직원 마스터'!G$2:G$31>=(YEAR(A243)*100+MONTH(A243)))),0)),0),0) | G243: =IFERROR(IF(B243<>"",INDEX('직원 마스터'!B$2:B$31,MATCH(1,('직원 마스터'!A$2:A$31=B243)*('직원 마스터'!F$2:F$31<=(YEAR(A243)*100+MONTH(A243)))*(('직원 마스터'!G$2:G$31="")+('직원 마스터'!G$2:G$31>=(YEAR(A243)*100+MONTH(A243)))),0)),""),"")
E244: =IF(AND(C244<>"",D244<>""),D244-C244,0) | F244: =IFERROR(IF(AND(B244<>"",G244="시급"),E244*24*INDEX('직원 마스터'!C$2:C$31,MATCH(1,('직원 마스터'!A$2:A$31=B244)*('직원 마스터'!F$2:F$31<=(YEAR(A244)*100+MONTH(A244)))*(('직원 마스터'!G$2:G$31="")+('직원 마스터'!G$2:G$31>=(YEAR(A244)*100+MONTH(A244)))),0)),0),0) | G244: =IFERROR(IF(B244<>"",INDEX('직원 마스터'!B$2:B$31,MATCH(1,('직원 마스터'!A$2:A$31=B244)*('직원 마스터'!F$2:F$31<=(YEAR(A244)*100+MONTH(A244)))*(('직원 마스터'!G$2:G$31="")+('직원 마스터'!G$2:G$31>=(YEAR(A244)*100+MONTH(A244)))),0)),""),"")
E245: =IF(AND(C245<>"",D245<>""),D245-C245,0) | F245: =IFERROR(IF(AND(B245<>"",G245="시급"),E245*24*INDEX('직원 마스터'!C$2:C$31,MATCH(1,('직원 마스터'!A$2:A$31=B245)*('직원 마스터'!F$2:F$31<=(YEAR(A245)*100+MONTH(A245)))*(('직원 마스터'!G$2:G$31="")+('직원 마스터'!G$2:G$31>=(YEAR(A245)*100+MONTH(A245)))),0)),0),0) | G245: =IFERROR(IF(B245<>"",INDEX('직원 마스터'!B$2:B$31,MATCH(1,('직원 마스터'!A$2:A$31=B245)*('직원 마스터'!F$2:F$31<=(YEAR(A245)*100+MONTH(A245)))*(('직원 마스터'!G$2:G$31="")+('직원 마스터'!G$2:G$31>=(YEAR(A245)*100+MONTH(A245)))),0)),""),"")
E246: =IF(AND(C246<>"",D246<>""),D246-C246,0) | F246: =IFERROR(IF(AND(B246<>"",G246="시급"),E246*24*INDEX('직원 마스터'!C$2:C$31,MATCH(1,('직원 마스터'!A$2:A$31=B246)*('직원 마스터'!F$2:F$31<=(YEAR(A246)*100+MONTH(A246)))*(('직원 마스터'!G$2:G$31="")+('직원 마스터'!G$2:G$31>=(YEAR(A246)*100+MONTH(A246)))),0)),0),0) | G246: =IFERROR(IF(B246<>"",INDEX('직원 마스터'!B$2:B$31,MATCH(1,('직원 마스터'!A$2:A$31=B246)*('직원 마스터'!F$2:F$31<=(YEAR(A246)*100+MONTH(A246)))*(('직원 마스터'!G$2:G$31="")+('직원 마스터'!G$2:G$31>=(YEAR(A246)*100+MONTH(A246)))),0)),""),"")
E247: =IF(AND(C247<>"",D247<>""),D247-C247,0) | F247: =IFERROR(IF(AND(B247<>"",G247="시급"),E247*24*INDEX('직원 마스터'!C$2:C$31,MATCH(1,('직원 마스터'!A$2:A$31=B247)*('직원 마스터'!F$2:F$31<=(YEAR(A247)*100+MONTH(A247)))*(('직원 마스터'!G$2:G$31="")+('직원 마스터'!G$2:G$31>=(YEAR(A247)*100+MONTH(A247)))),0)),0),0) | G247: =IFERROR(IF(B247<>"",INDEX('직원 마스터'!B$2:B$31,MATCH(1,('직원 마스터'!A$2:A$31=B247)*('직원 마스터'!F$2:F$31<=(YEAR(A247)*100+MONTH(A247)))*(('직원 마스터'!G$2:G$31="")+('직원 마스터'!G$2:G$31>=(YEAR(A247)*100+MONTH(A247)))),0)),""),"")
E248: =IF(AND(C248<>"",D248<>""),D248-C248,0) | F248: =IFERROR(IF(AND(B248<>"",G248="시급"),E248*24*INDEX('직원 마스터'!C$2:C$31,MATCH(1,('직원 마스터'!A$2:A$31=B248)*('직원 마스터'!F$2:F$31<=(YEAR(A248)*100+MONTH(A248)))*(('직원 마스터'!G$2:G$31="")+('직원 마스터'!G$2:G$31>=(YEAR(A248)*100+MONTH(A248)))),0)),0),0) | G248: =IFERROR(IF(B248<>"",INDEX('직원 마스터'!B$2:B$31,MATCH(1,('직원 마스터'!A$2:A$31=B248)*('직원 마스터'!F$2:F$31<=(YEAR(A248)*100+MONTH(A248)))*(('직원 마스터'!G$2:G$31="")+('직원 마스터'!G$2:G$31>=(YEAR(A248)*100+MONTH(A248)))),0)),""),"")
E249: =IF(AND(C249<>"",D249<>""),D249-C249,0) | F249: =IFERROR(IF(AND(B249<>"",G249="시급"),E249*24*INDEX('직원 마스터'!C$2:C$31,MATCH(1,('직원 마스터'!A$2:A$31=B249)*('직원 마스터'!F$2:F$31<=(YEAR(A249)*100+MONTH(A249)))*(('직원 마스터'!G$2:G$31="")+('직원 마스터'!G$2:G$31>=(YEAR(A249)*100+MONTH(A249)))),0)),0),0) | G249: =IFERROR(IF(B249<>"",INDEX('직원 마스터'!B$2:B$31,MATCH(1,('직원 마스터'!A$2:A$31=B249)*('직원 마스터'!F$2:F$31<=(YEAR(A249)*100+MONTH(A249)))*(('직원 마스터'!G$2:G$31="")+('직원 마스터'!G$2:G$31>=(YEAR(A249)*100+MONTH(A249)))),0)),""),"")
E250: =IF(AND(C250<>"",D250<>""),D250-C250,0) | F250: =IFERROR(IF(AND(B250<>"",G250="시급"),E250*24*INDEX('직원 마스터'!C$2:C$31,MATCH(1,('직원 마스터'!A$2:A$31=B250)*('직원 마스터'!F$2:F$31<=(YEAR(A250)*100+MONTH(A250)))*(('직원 마스터'!G$2:G$31="")+('직원 마스터'!G$2:G$31>=(YEAR(A250)*100+MONTH(A250)))),0)),0),0) | G250: =IFERROR(IF(B250<>"",INDEX('직원 마스터'!B$2:B$31,MATCH(1,('직원 마스터'!A$2:A$31=B250)*('직원 마스터'!F$2:F$31<=(YEAR(A250)*100+MONTH(A250)))*(('직원 마스터'!G$2:G$31="")+('직원 마스터'!G$2:G$31>=(YEAR(A250)*100+MONTH(A250)))),0)),""),"")
... E288: =IF(AND(C288<>"",D288<>""),D288-C288,0) | F288: =IFERROR(IF(AND(B288<>"",G288="시급"),E288*24*INDEX('직원 마스터'!C$2:C$31,MATCH(1,('직원 마스터'!A$2:A$31=B288)*('직원 마스터'!F$2:F$31<=(YEAR(A288)*100+MONTH(A288)))*(('직원 마스터'!G$2:G$31="")+('직원 마스터'!G$2:G$31>=(YEAR(A288)*100+MONTH(A288)))),0)),0),0) | G288: =IFERROR(IF(B288<>"",INDEX('직원 마스터'!B$2:B$31,MATCH(1,('직원 마스터'!A$2:A$31=B288)*('직원 마스터'!F$2:F$31<=(YEAR(A288)*100+MONTH(A288)))*(('직원 마스터'!G$2:G$31="")+('직원 마스터'!G$2:G$31>=(YEAR(A288)*100+MONTH(A288)))),0)),""),"")

Sheet 지급 이력
A1: 이름 | B1: 월 | C1: 지급여부 | D1: 지급액
A2: 고경민 | B2: 202501 | C2: O | D2: 1200000
A3: 유은비 | B3: 202501 | C3: O | D3: 528000
A4: 장예원 | B4: 202501 | C4: O | D4: 786000
A5: 고경민 | B5: 202502 | C5: O | D5: 1200000
A6: 유은비 | B6: 202502 | C6: O | D6: 240000
A7: 장예원 | B7: 202502 | C7: O | D7: 744000
A8: 전민아 | B8: 202502 | C8: O | D8: 600000
A9: 고경민 | B9: 202503 | C9: O | D9: 912000
A10: 유은비 | B10: 202503 | C10: O | D10: 240000
A11: 장예원 | B11: 202503 | C11: O | D11: 768000
A12: 전민아 | B12: 202503 | C12: O | D12: 1800000
A13: 고경민 | B13: 202504 | C13: O | D13: 792000
... A42: 전민아 | B42: 202512 | C42: O | D42: 1848000

Sheet 급여 요약
B1: 202502 | C1: ← 월 선택 | J1: =DATE(INT(B1/100),MOD(B1,100),1)
J2: =EOMONTH(J1,0)
B3: 이름 | C3: 급여유형 | D3: 총 근무시간 | E3: 총 급여(세전) | F3: 3.3% 원천징수 | G3: 실지급액 | H3: 입금계좌 | I3: 지급여부
B4: =IF(AND('직원 마스터'!F2<>"",'직원 마스터'!F2<=$B$1,OR('직원 마스터'!G2="",'직원 마스터'!G2>=$B$1)),'직원 마스터'!A2,"") | C4: =IF(AND('직원 마스터'!F2<>"",'직원 마스터'!F2<=$B$1,OR('직원 마스터'!G2="",'직원 마스터'!G2>=$B$1)),'직원 마스터'!B2,"") | D4: =IF(AND('직원 마스터'!F2<>"",'직원 마스터'!F2<=$B$1,OR('직원 마스터'!G2="",'직원 마스터'!G2>=$B$1)),SUMPRODUCT(('근무 기록'!B$2:B$500='직원 마스터'!A2)*('근무 기록'!A$2:A$500>=J$1)*('근무 기록'!A$2:A$500<=J$2)*('근무 기록'!E$2:E$500))*24,"") | E4: =IF(B4="","",IFERROR(INDEX('지급 이력'!D$2:D$92,MATCH(1,('지급 이력'!A$2:A$92=B4)*('지급 이력'!B$2:B$92=$B$1),0)),IF(C4="월급",'직원 마스터'!C2,SUMPRODUCT(('근무 기록'!B$2:B$500='직원 마스터'!A2)*('근무 기록'!A$2:A$500>=J$1)*('근무 기록'!A$2:A$500<=J$2)*('근무 기록'!F$2:F$500))))) | F4: =IF(E4="","",ROUND(E4*0.033,0)) | G4: =IF(E4="","",E4-F4) | H4: =IF(B4="","",'직원 마스터'!D2) | I4: =IF(B4="","",IFERROR(INDEX('지급 이력'!C$2:C$92,MATCH(1,('지급 이력'!A$2:A$92=B4)*('지급 이력'!B$2:B$92=$B$1),0)),"X"))
B5: =IF(AND('직원 마스터'!F3<>"",'직원 마스터'!F3<=$B$1,OR('직원 마스터'!G3="",'직원 마스터'!G3>=$B$1)),'직원 마스터'!A3,"") | C5: =IF(AND('직원 마스터'!F3<>"",'직원 마스터'!F3<=$B$1,OR('직원 마스터'!G3="",'직원 마스터'!G3>=$B$1)),'직원 마스터'!B3,"") | D5: =IF(AND('직원 마스터'!F3<>"",'직원 마스터'!F3<=$B$1,OR('직원 마스터'!G3="",'직원 마스터'!G3>=$B$1)),SUMPRODUCT(('근무 기록'!B$2:B$500='직원 마스터'!A3)*('근무 기록'!A$2:A$500>=J$1)*('근무 기록'!A$2:A$500<=J$2)*('근무 기록'!E$2:E$500))*24,"") | E5: =IF(B5="","",IFERROR(INDEX('지급 이력'!D$2:D$92,MATCH(1,('지급 이력'!A$2:A$92=B5)*('지급 이력'!B$2:B$92=$B$1),0)),IF(C5="월급",'직원 마스터'!C3,SUMPRODUCT(('근무 기록'!B$2:B$500='직원 마스터'!A3)*('근무 기록'!A$2:A$500>=J$1)*('근무 기록'!A$2:A$500<=J$2)*('근무 기록'!F$2:F$500))))) | F5: =IF(E5="","",ROUND(E5*0.033,0)) | G5: =IF(E5="","",E5-F5) | H5: =IF(B5="","",'직원 마스터'!D3) | I5: =IF(B5="","",IFERROR(INDEX('지급 이력'!C$2:C$92,MATCH(1,('지급 이력'!A$2:A$92=B5)*('지급 이력'!B$2:B$92=$B$1),0)),"X"))
B6: =IF(AND('직원 마스터'!F4<>"",'직원 마스터'!F4<=$B$1,OR('직원 마스터'!G4="",'직원 마스터'!G4>=$B$1)),'직원 마스터'!A4,"") | C6: =IF(AND('직원 마스터'!F4<>"",'직원 마스터'!F4<=$B$1,OR('직원 마스터'!G4="",'직원 마스터'!G4>=$B$1)),'직원 마스터'!B4,"") | D6: =IF(AND('직원 마스터'!F4<>"",'직원 마스터'!F4<=$B$1,OR('직원 마스터'!G4="",'직원 마스터'!G4>=$B$1)),SUMPRODUCT(('근무 기록'!B$2:B$500='직원 마스터'!A4)*('근무 기록'!A$2:A$500>=J$1)*('근무 기록'!A$2:A$500<=J$2)*('근무 기록'!E$2:E$500))*24,"") | E6: =IF(B6="","",IFERROR(INDEX('지급 이력'!D$2:D$92,MATCH(1,('지급 이력'!A$2:A$92=B6)*('지급 이력'!B$2:B$92=$B$1),0)),IF(C6="월급",'직원 마스터'!C4,SUMPRODUCT(('근무 기록'!B$2:B$500='직원 마스터'!A4)*('근무 기록'!A$2:A$500>=J$1)*('근무 기록'!A$2:A$500<=J$2)*('근무 기록'!F$2:F$500))))) | F6: =IF(E6="","",ROUND(E6*0.033,0)) | G6: =IF(E6="","",E6-F6) | H6: =IF(B6="","",'직원 마스터'!D4) | I6: =IF(B6="","",IFERROR(INDEX('지급 이력'!C$2:C$92,MATCH(1,('지급 이력'!A$2:A$92=B6)*('지급 이력'!B$2:B$92=$B$1),0)),"X"))
B7: =IF(AND('직원 마스터'!F5<>"",'직원 마스터'!F5<=$B$1,OR('직원 마스터'!G5="",'직원 마스터'!G5>=$B$1)),'직원 마스터'!A5,"") | C7: =IF(AND('직원 마스터'!F5<>"",'직원 마스터'!F5<=$B$1,OR('직원 마스터'!G5="",'직원 마스터'!G5>=$B$1)),'직원 마스터'!B5,"") | D7: =IF(AND('직원 마스터'!F5<>"",'직원 마스터'!F5<=$B$1,OR('직원 마스터'!G5="",'직원 마스터'!G5>=$B$1)),SUMPRODUCT(('근무 기록'!B$2:B$500='직원 마스터'!A5)*('근무 기록'!A$2:A$500>=J$1)*('근무 기록'!A$2:A$500<=J$2)*('근무 기록'!E$2:E$500))*24,"") | E7: =IF(B7="","",IFERROR(INDEX('지급 이력'!D$2:D$92,MATCH(1,('지급 이력'!A$2:A$92=B7)*('지급 이력'!B$2:B$92=$B$1),0)),IF(C7="월급",'직원 마스터'!C5,SUMPRODUCT(('근무 기록'!B$2:B$500='직원 마스터'!A5)*('근무 기록'!A$2:A$500>=J$1)*('근무 기록'!A$2:A$500<=J$2)*('근무 기록'!F$2:F$500))))) | F7: =IF(E7="","",ROUND(E7*0.033,0)) | G7: =IF(E7="","",E7-F7) | H7: =IF(B7="","",'직원 마스터'!D5) | I7: =IF(B7="","",IFERROR(INDEX('지급 이력'!C$2:C$92,MATCH(1,('지급 이력'!A$2:A$92=B7)*('지급 이력'!B$2:B$92=$B$1),0)),"X"))
B8: =IF(AND('직원 마스터'!F6<>"",'직원 마스터'!F6<=$B$1,OR('직원 마스터'!G6="",'직원 마스터'!G6>=$B$1)),'직원 마스터'!A6,"") | C8: =IF(AND('직원 마스터'!F6<>"",'직원 마스터'!F6<=$B$1,OR('직원 마스터'!G6="",'직원 마스터'!G6>=$B$1)),'직원 마스터'!B6,"") | D8: =IF(AND('직원 마스터'!F6<>"",'직원 마스터'!F6<=$B$1,OR('직원 마스터'!G6="",'직원 마스터'!G6>=$B$1)),SUMPRODUCT(('근무 기록'!B$2:B$500='직원 마스터'!A6)*('근무 기록'!A$2:A$500>=J$1)*('근무 기록'!A$2:A$500<=J$2)*('근무 기록'!E$2:E$500))*24,"") | E8: =IF(B8="","",IFERROR(INDEX('지급 이력'!D$2:D$92,MATCH(1,('지급 이력'!A$2:A$92=B8)*('지급 이력'!B$2:B$92=$B$1),0)),IF(C8="월급",'직원 마스터'!C6,SUMPRODUCT(('근무 기록'!B$2:B$500='직원 마스터'!A6)*('근무 기록'!A$2:A$500>=J$1)*('근무 기록'!A$2:A$500<=J$2)*('근무 기록'!F$2:F$500))))) | F8: =IF(E8="","",ROUND(E8*0.033,0)) | G8: =IF(E8="","",E8-F8) | H8: =IF(B8="","",'직원 마스터'!D6) | I8: =IF(B8="","",IFERROR(INDEX('지급 이력'!C$2:C$92,MATCH(1,('지급 이력'!A$2:A$92=B8)*('지급 이력'!B$2:B$92=$B$1),0)),"X"))
B9: =IF(AND('직원 마스터'!F7<>"",'직원 마스터'!F7<=$B$1,OR('직원 마스터'!G7="",'직원 마스터'!G7>=$B$1)),'직원 마스터'!A7,"") | C9: =IF(AND('직원 마스터'!F7<>"",'직원 마스터'!F7<=$B$1,OR('직원 마스터'!G7="",'직원 마스터'!G7>=$B$1)),'직원 마스터'!B7,"") | D9: =IF(AND('직원 마스터'!F7<>"",'직원 마스터'!F7<=$B$1,OR('직원 마스터'!G7="",'직원 마스터'!G7>=$B$1)),SUMPRODUCT(('근무 기록'!B$2:B$500='직원 마스터'!A7)*('근무 기록'!A$2:A$500>=J$1)*('근무 기록'!A$2:A$500<=J$2)*('근무 기록'!E$2:E$500))*24,"") | E9: =IF(B9="","",IFERROR(INDEX('지급 이력'!D$2:D$92,MATCH(1,('지급 이력'!A$2:A$92=B9)*('지급 이력'!B$2:B$92=$B$1),0)),IF(C9="월급",'직원 마스터'!C7,SUMPRODUCT(('근무 기록'!B$2:B$500='직원 마스터'!A7)*('근무 기록'!A$2:A$500>=J$1)*('근무 기록'!A$2:A$500<=J$2)*('근무 기록'!F$2:F$500))))) | F9: =IF(E9="","",ROUND(E9*0.033,0)) | G9: =IF(E9="","",E9-F9) | H9: =IF(B9="","",'직원 마스터'!D7) | I9: =IF(B9="","",IFERROR(INDEX('지급 이력'!C$2:C$92,MATCH(1,('지급 이력'!A$2:A$92=B9)*('지급 이력'!B$2:B$92=$B$1),0)),"X"))
B10: =IF(AND('직원 마스터'!F8<>"",'직원 마스터'!F8<=$B$1,OR('직원 마스터'!G8="",'직원 마스터'!G8>=$B$1)),'직원 마스터'!A8,"") | C10: =IF(AND('직원 마스터'!F8<>"",'직원 마스터'!F8<=$B$1,OR('직원 마스터'!G8="",'직원 마스터'!G8>=$B$1)),'직원 마스터'!B8,"") | D10: =IF(AND('직원 마스터'!F8<>"",'직원 마스터'!F8<=$B$1,OR('직원 마스터'!G8="",'직원 마스터'!G8>=$B$1)),SUMPRODUCT(('근무 기록'!B$2:B$500='직원 마스터'!A8)*('근무 기록'!A$2:A$500>=J$1)*('근무 기록'!A$2:A$500<=J$2)*('근무 기록'!E$2:E$500))*24,"") | E10: =IF(B10="","",IFERROR(INDEX('지급 이력'!D$2:D$92,MATCH(1,('지급 이력'!A$2:A$92=B10)*('지급 이력'!B$2:B$92=$B$1),0)),IF(C10="월급",'직원 마스터'!C8,SUMPRODUCT(('근무 기록'!B$2:B$500='직원 마스터'!A8)*('근무 기록'!A$2:A$500>=J$1)*('근무 기록'!A$2:A$500<=J$2)*('근무 기록'!F$2:F$500))))) | F10: =IF(E10="","",ROUND(E10*0.033,0)) | G10: =IF(E10="","",E10-F10) | H10: =IF(B10="","",'직원 마스터'!D8) | I10: =IF(B10="","",IFERROR(INDEX('지급 이력'!C$2:C$92,MATCH(1,('지급 이력'!A$2:A$92=B10)*('지급 이력'!B$2:B$92=$B$1),0)),"X"))
B11: =IF(AND('직원 마스터'!F9<>"",'직원 마스터'!F9<=$B$1,OR('직원 마스터'!G9="",'직원 마스터'!G9>=$B$1)),'직원 마스터'!A9,"") | C11: =IF(AND('직원 마스터'!F9<>"",'직원 마스터'!F9<=$B$1,OR('직원 마스터'!G9="",'직원 마스터'!G9>=$B$1)),'직원 마스터'!B9,"") | D11: =IF(AND('직원 마스터'!F9<>"",'직원 마스터'!F9<=$B$1,OR('직원 마스터'!G9="",'직원 마스터'!G9>=$B$1)),SUMPRODUCT(('근무 기록'!B$2:B$500='직원 마스터'!A9)*('근무 기록'!A$2:A$500>=J$1)*('근무 기록'!A$2:A$500<=J$2)*('근무 기록'!E$2:E$500))*24,"") | E11: =IF(B11="","",IFERROR(INDEX('지급 이력'!D$2:D$92,MATCH(1,('지급 이력'!A$2:A$92=B11)*('지급 이력'!B$2:B$92=$B$1),0)),IF(C11="월급",'직원 마스터'!C9,SUMPRODUCT(('근무 기록'!B$2:B$500='직원 마스터'!A9)*('근무 기록'!A$2:A$500>=J$1)*('근무 기록'!A$2:A$500<=J$2)*('근무 기록'!F$2:F$500))))) | F11: =IF(E11="","",ROUND(E11*0.033,0)) | G11: =IF(E11="","",E11-F11) | H11: =IF(B11="","",'직원 마스터'!D9) | I11: =IF(B11="","",IFERROR(INDEX('지급 이력'!C$2:C$92,MATCH(1,('지급 이력'!A$2:A$92=B11)*('지급 이력'!B$2:B$92=$B$1),0)),"X"))
B12: =IF(AND('직원 마스터'!F10<>"",'직원 마스터'!F10<=$B$1,OR('직원 마스터'!G10="",'직원 마스터'!G10>=$B$1)),'직원 마스터'!A10,"") | C12: =IF(AND('직원 마스터'!F10<>"",'직원 마스터'!F10<=$B$1,OR('직원 마스터'!G10="",'직원 마스터'!G10>=$B$1)),'직원 마스터'!B10,"") | D12: =IF(AND('직원 마스터'!F10<>"",'직원 마스터'!F10<=$B$1,OR('직원 마스터'!G10="",'직원 마스터'!G10>=$B$1)),SUMPRODUCT(('근무 기록'!B$2:B$500='직원 마스터'!A10)*('근무 기록'!A$2:A$500>=J$1)*('근무 기록'!A$2:A$500<=J$2)*('근무 기록'!E$2:E$500))*24,"") | E12: =IF(B12="","",IFERROR(INDEX('지급 이력'!D$2:D$92,MATCH(1,('지급 이력'!A$2:A$92=B12)*('지급 이력'!B$2:B$92=$B$1),0)),IF(C12="월급",'직원 마스터'!C10,SUMPRODUCT(('근무 기록'!B$2:B$500='직원 마스터'!A10)*('근무 기록'!A$2:A$500>=J$1)*('근무 기록'!A$2:A$500<=J$2)*('근무 기록'!F$2:F$500))))) | F12: =IF(E12="","",ROUND(E12*0.033,0)) | G12: =IF(E12="","",E12-F12) | H12: =IF(B12="","",'직원 마스터'!D10) | I12: =IF(B12="","",IFERROR(INDEX('지급 이력'!C$2:C$92,MATCH(1,('지급 이력'!A$2:A$92=B12)*('지급 이력'!B$2:B$92=$B$1),0)),"X"))
B13: =IF(AND('직원 마스터'!F11<>"",'직원 마스터'!F11<=$B$1,OR('직원 마스터'!G11="",'직원 마스터'!G11>=$B$1)),'직원 마스터'!A11,"") | C13: =IF(AND('직원 마스터'!F11<>"",'직원 마스터'!F11<=$B$1,OR('직원 마스터'!G11="",'직원 마스터'!G11>=$B$1)),'직원 마스터'!B11,"") | D13: =IF(AND('직원 마스터'!F11<>"",'직원 마스터'!F11<=$B$1,OR('직원 마스터'!G11="",'직원 마스터'!G11>=$B$1)),SUMPRODUCT(('근무 기록'!B$2:B$500='직원 마스터'!A11)*('근무 기록'!A$2:A$500>=J$1)*('근무 기록'!A$2:A$500<=J$2)*('근무 기록'!E$2:E$500))*24,"") | E13: =IF(B13="","",IFERROR(INDEX('지급 이력'!D$2:D$92,MATCH(1,('지급 이력'!A$2:A$92=B13)*('지급 이력'!B$2:B$92=$B$1),0)),IF(C13="월급",'직원 마스터'!C11,SUMPRODUCT(('근무 기록'!B$2:B$500='직원 마스터'!A11)*('근무 기록'!A$2:A$500>=J$1)*('근무 기록'!A$2:A$500<=J$2)*('근무 기록'!F$2:F$500))))) | F13: =IF(E13="","",ROUND(E13*0.033,0)) | G13: =IF(E13="","",E13-F13) | H13: =IF(B13="","",'직원 마스터'!D11) | I13: =IF(B13="","",IFERROR(INDEX('지급 이력'!C$2:C$92,MATCH(1,('지급 이력'!A$2:A$92=B13)*('지급 이력'!B$2:B$92=$B$1),0)),"X"))
B15: 합계 | E15: =SUM(E4:E13) | F15: =SUM(F4:F13) | G15: =SUM(G4:G13)
B16: 당월 총 인건비 | E16: =E15
